{"init_params": {"cat_dims": [], "cat_emb_dim": [], "cat_idxs": [], "clip_value": 1, "device_name": "auto", "epsilon": 1e-15, "gamma": 1.8337073918478102, "grouped_features": [], "input_dim": 11, "lambda_sparse": 0.0016217032799729586, "mask_type": "entmax", "momentum": 0.02, "n_a": 49, "n_d": 9, "n_indep_decoder": 1, "n_independent": 2, "n_shared": 2, "n_shared_decoder": 1, "n_steps": 5, "optimizer_params": {"lr": 0.0816420601300336, "weight_decay": 1.15008518006218e-05}, "output_dim": 1, "scheduler_fn": null, "scheduler_params": {}, "seed": 0, "verbose": 0}, "class_attrs": {"preds_mapper": null}}