{"init_params": {"cat_dims": [], "cat_emb_dim": [], "cat_idxs": [], "clip_value": 1, "device_name": "auto", "epsilon": 1e-15, "gamma": 1.2335702797133181, "grouped_features": [], "input_dim": 12, "lambda_sparse": 0.001112104783763495, "mask_type": "entmax", "momentum": 0.02, "n_a": 101, "n_d": 52, "n_indep_decoder": 1, "n_independent": 2, "n_shared": 2, "n_shared_decoder": 1, "n_steps": 6, "optimizer_params": {"lr": 0.0029038885949021756, "weight_decay": 0.0005982619412092903}, "output_dim": 1, "scheduler_fn": null, "scheduler_params": {}, "seed": 0, "verbose": 0}, "class_attrs": {"preds_mapper": null}}