{"init_params": {"cat_dims": [], "cat_emb_dim": [], "cat_idxs": [], "clip_value": 1, "device_name": "auto", "epsilon": 1e-15, "gamma": 2.387311567454456, "grouped_features": [], "input_dim": 12, "lambda_sparse": 1.2514291438299958e-05, "mask_type": "entmax", "momentum": 0.02, "n_a": 62, "n_d": 56, "n_indep_decoder": 1, "n_independent": 2, "n_shared": 2, "n_shared_decoder": 1, "n_steps": 3, "optimizer_params": {"lr": 0.00035085192762634526, "weight_decay": 0.000720852068860077}, "output_dim": 1, "scheduler_fn": null, "scheduler_params": {}, "seed": 0, "verbose": 0}, "class_attrs": {"preds_mapper": null}}