{"init_params": {"cat_dims": [], "cat_emb_dim": [], "cat_idxs": [], "clip_value": 1, "device_name": "auto", "epsilon": 1e-15, "gamma": 1.7860721656985876, "grouped_features": [], "input_dim": 11, "lambda_sparse": 3.291518251680758e-05, "mask_type": "entmax", "momentum": 0.02, "n_a": 33, "n_d": 54, "n_indep_decoder": 1, "n_independent": 2, "n_shared": 2, "n_shared_decoder": 1, "n_steps": 5, "optimizer_params": {"lr": 0.05880192331942103, "weight_decay": 4.811831783379158e-05}, "output_dim": 1, "scheduler_fn": null, "scheduler_params": {}, "seed": 0, "verbose": 0}, "class_attrs": {"preds_mapper": null}}