{"init_params": {"cat_dims": [], "cat_emb_dim": [], "cat_idxs": [], "clip_value": 1, "device_name": "auto", "epsilon": 1e-15, "gamma": 2.206704444019336, "grouped_features": [], "input_dim": 12, "lambda_sparse": 0.0012205959578048815, "mask_type": "entmax", "momentum": 0.02, "n_a": 50, "n_d": 13, "n_indep_decoder": 1, "n_independent": 2, "n_shared": 2, "n_shared_decoder": 1, "n_steps": 3, "optimizer_params": {"lr": 0.004114710058668519, "weight_decay": 1.1014171812876542e-06}, "output_dim": 1, "scheduler_fn": null, "scheduler_params": {}, "seed": 0, "verbose": 0}, "class_attrs": {"preds_mapper": null}}