{"init_params": {"cat_dims": [], "cat_emb_dim": [], "cat_idxs": [], "clip_value": 1, "device_name": "auto", "epsilon": 1e-15, "gamma": 4.022704951968054, "grouped_features": [], "input_dim": 12, "lambda_sparse": 0.0002289019150859735, "mask_type": "entmax", "momentum": 0.02, "n_a": 54, "n_d": 16, "n_indep_decoder": 1, "n_independent": 2, "n_shared": 2, "n_shared_decoder": 1, "n_steps": 9, "optimizer_params": {"lr": 0.008040583949005977, "weight_decay": 1.1108272879818013e-05}, "output_dim": 1, "scheduler_fn": null, "scheduler_params": {}, "seed": 0, "verbose": 0}, "class_attrs": {"preds_mapper": null}}