{"init_params": {"cat_dims": [], "cat_emb_dim": [], "cat_idxs": [], "clip_value": 1, "device_name": "auto", "epsilon": 1e-15, "gamma": 1.508946386901182, "grouped_features": [], "input_dim": 11, "lambda_sparse": 2.038431828437565e-05, "mask_type": "entmax", "momentum": 0.02, "n_a": 18, "n_d": 26, "n_indep_decoder": 1, "n_independent": 2, "n_shared": 2, "n_shared_decoder": 1, "n_steps": 3, "optimizer_params": {"lr": 0.09183170844150092, "weight_decay": 0.00013732952682609845}, "output_dim": 1, "scheduler_fn": null, "scheduler_params": {}, "seed": 0, "verbose": 0}, "class_attrs": {"preds_mapper": null}}