{"init_params": {"cat_dims": [], "cat_emb_dim": [], "cat_idxs": [], "clip_value": 1, "device_name": "auto", "epsilon": 1e-15, "gamma": 1.668545835521643, "grouped_features": [], "input_dim": 12, "lambda_sparse": 0.002572484181590296, "mask_type": "entmax", "momentum": 0.02, "n_a": 96, "n_d": 89, "n_indep_decoder": 1, "n_independent": 2, "n_shared": 2, "n_shared_decoder": 1, "n_steps": 7, "optimizer_params": {"lr": 0.04771380826655089, "weight_decay": 3.0205870233211307e-05}, "output_dim": 1, "scheduler_fn": null, "scheduler_params": {}, "seed": 0, "verbose": 0}, "class_attrs": {"preds_mapper": null}}