{"init_params": {"cat_dims": [], "cat_emb_dim": [], "cat_idxs": [], "clip_value": 1, "device_name": "auto", "epsilon": 1e-15, "gamma": 1.9378927511070565, "grouped_features": [], "input_dim": 11, "lambda_sparse": 0.0007334644596074355, "mask_type": "entmax", "momentum": 0.02, "n_a": 62, "n_d": 21, "n_indep_decoder": 1, "n_independent": 2, "n_shared": 2, "n_shared_decoder": 1, "n_steps": 8, "optimizer_params": {"lr": 0.03423507322047264, "weight_decay": 0.00011024455499890085}, "output_dim": 1, "scheduler_fn": null, "scheduler_params": {}, "seed": 0, "verbose": 0}, "class_attrs": {"preds_mapper": null}}