{"init_params": {"cat_dims": [], "cat_emb_dim": [], "cat_idxs": [], "clip_value": 1, "device_name": "auto", "epsilon": 1e-15, "gamma": 3.601672885628693, "grouped_features": [], "input_dim": 12, "lambda_sparse": 0.00013284994916420192, "mask_type": "entmax", "momentum": 0.02, "n_a": 111, "n_d": 106, "n_indep_decoder": 1, "n_independent": 2, "n_shared": 2, "n_shared_decoder": 1, "n_steps": 10, "optimizer_params": {"lr": 0.024898007733572067, "weight_decay": 1.7499267787281993e-05}, "output_dim": 1, "scheduler_fn": null, "scheduler_params": {}, "seed": 0, "verbose": 0}, "class_attrs": {"preds_mapper": null}}