{"init_params": {"cat_dims": [], "cat_emb_dim": [], "cat_idxs": [], "clip_value": 1, "device_name": "auto", "epsilon": 1e-15, "gamma": 1.352206580899272, "grouped_features": [], "input_dim": 11, "lambda_sparse": 2.988141787249012e-05, "mask_type": "entmax", "momentum": 0.02, "n_a": 31, "n_d": 40, "n_indep_decoder": 1, "n_independent": 2, "n_shared": 2, "n_shared_decoder": 1, "n_steps": 9, "optimizer_params": {"lr": 0.033444439675061194, "weight_decay": 6.77488997832076e-06}, "output_dim": 1, "scheduler_fn": null, "scheduler_params": {}, "seed": 0, "verbose": 0}, "class_attrs": {"preds_mapper": null}}