{"init_params": {"cat_dims": [], "cat_emb_dim": [], "cat_idxs": [], "clip_value": 1, "device_name": "auto", "epsilon": 1e-15, "gamma": 1.453553968316138, "grouped_features": [], "input_dim": 11, "lambda_sparse": 0.0005249043222330257, "mask_type": "entmax", "momentum": 0.02, "n_a": 48, "n_d": 9, "n_indep_decoder": 1, "n_independent": 2, "n_shared": 2, "n_shared_decoder": 1, "n_steps": 3, "optimizer_params": {"lr": 0.08567203402793343, "weight_decay": 0.00014613739927907515}, "output_dim": 1, "scheduler_fn": null, "scheduler_params": {}, "seed": 0, "verbose": 0}, "class_attrs": {"preds_mapper": null}}