{"init_params": {"cat_dims": [], "cat_emb_dim": [], "cat_idxs": [], "clip_value": 1, "device_name": "auto", "epsilon": 1e-15, "gamma": 1.8350250134102026, "grouped_features": [], "input_dim": 11, "lambda_sparse": 4.286888803986882e-05, "mask_type": "entmax", "momentum": 0.02, "n_a": 9, "n_d": 42, "n_indep_decoder": 1, "n_independent": 2, "n_shared": 2, "n_shared_decoder": 1, "n_steps": 8, "optimizer_params": {"lr": 0.09050567534878531, "weight_decay": 5.499182431622331e-06}, "output_dim": 1, "scheduler_fn": null, "scheduler_params": {}, "seed": 0, "verbose": 0}, "class_attrs": {"preds_mapper": null}}