{"init_params": {"cat_dims": [], "cat_emb_dim": [], "cat_idxs": [], "clip_value": 1, "device_name": "auto", "epsilon": 1e-15, "gamma": 1.0160895579060198, "grouped_features": [], "input_dim": 12, "lambda_sparse": 0.0003085136796944695, "mask_type": "entmax", "momentum": 0.02, "n_a": 68, "n_d": 62, "n_indep_decoder": 1, "n_independent": 2, "n_shared": 2, "n_shared_decoder": 1, "n_steps": 10, "optimizer_params": {"lr": 0.008281876442501244, "weight_decay": 0.000842562073097524}, "output_dim": 1, "scheduler_fn": null, "scheduler_params": {}, "seed": 0, "verbose": 0}, "class_attrs": {"preds_mapper": null}}