{"init_params": {"cat_dims": [], "cat_emb_dim": [], "cat_idxs": [], "clip_value": 1, "device_name": "auto", "epsilon": 1e-15, "gamma": 2.928930170693168, "grouped_features": [], "input_dim": 12, "lambda_sparse": 2.7293385198274825e-05, "mask_type": "entmax", "momentum": 0.02, "n_a": 58, "n_d": 52, "n_indep_decoder": 1, "n_independent": 2, "n_shared": 2, "n_shared_decoder": 1, "n_steps": 4, "optimizer_params": {"lr": 0.007350552188960583, "weight_decay": 3.855679736274793e-06}, "output_dim": 1, "scheduler_fn": null, "scheduler_params": {}, "seed": 0, "verbose": 0}, "class_attrs": {"preds_mapper": null}}