{"init_params": {"cat_dims": [], "cat_emb_dim": [], "cat_idxs": [], "clip_value": 1, "device_name": "auto", "epsilon": 1e-15, "gamma": 4.338839091973979, "grouped_features": [], "input_dim": 12, "lambda_sparse": 0.008557412256309255, "mask_type": "entmax", "momentum": 0.02, "n_a": 9, "n_d": 49, "n_indep_decoder": 1, "n_independent": 2, "n_shared": 2, "n_shared_decoder": 1, "n_steps": 6, "optimizer_params": {"lr": 0.009601552088575636, "weight_decay": 2.924772917712138e-05}, "output_dim": 1, "scheduler_fn": null, "scheduler_params": {}, "seed": 0, "verbose": 0}, "class_attrs": {"preds_mapper": null}}