{"init_params": {"cat_dims": [], "cat_emb_dim": [], "cat_idxs": [], "clip_value": 1, "device_name": "auto", "epsilon": 1e-15, "gamma": 1.7802084378102556, "grouped_features": [], "input_dim": 11, "lambda_sparse": 0.0005909675562373137, "mask_type": "entmax", "momentum": 0.02, "n_a": 41, "n_d": 20, "n_indep_decoder": 1, "n_independent": 2, "n_shared": 2, "n_shared_decoder": 1, "n_steps": 4, "optimizer_params": {"lr": 0.015979114313652936, "weight_decay": 0.0003323782789577147}, "output_dim": 1, "scheduler_fn": null, "scheduler_params": {}, "seed": 0, "verbose": 0}, "class_attrs": {"preds_mapper": null}}