{"init_params": {"cat_dims": [], "cat_emb_dim": [], "cat_idxs": [], "clip_value": 1, "device_name": "auto", "epsilon": 1e-15, "gamma": 1.9794139268218376, "grouped_features": [], "input_dim": 11, "lambda_sparse": 5.8091871567978017e-05, "mask_type": "entmax", "momentum": 0.02, "n_a": 64, "n_d": 20, "n_indep_decoder": 1, "n_independent": 2, "n_shared": 2, "n_shared_decoder": 1, "n_steps": 10, "optimizer_params": {"lr": 0.057550423533267114, "weight_decay": 1.9349210247434358e-05}, "output_dim": 1, "scheduler_fn": null, "scheduler_params": {}, "seed": 0, "verbose": 0}, "class_attrs": {"preds_mapper": null}}